[
  {
    "id": "CB-A-001",
    "lang": "FR",
    "telos": "agir contre le changement climatique",
    "telos_type": "A",
    "explicitness": 4,
    "stem": "Le réchauffement menace les littoraux, nous devons agir maintenant.",
    "Fc_target": 5,
    "Fi_target": 0,
    "blocker_type": null,
    "pro_quotes": ["nous devons agir maintenant"],
    "block_quotes": [],
    "rationale": "Négativité justificative (menace) → renforce l'action → Fc élevé ; aucun empêchement explicite → Fi=0."
  },
  {
    "id": "CB-A-002",
    "lang": "FR",
    "telos": "réformer",
    "telos_type": "A",
    "explicitness": 3,
    "stem": "Réformer est souhaitable, mais l’enveloppe actuelle ne couvre pas le plan : mise en œuvre par phases.",
    "Fc_target": 3,
    "Fi_target": 3,
    "blocker_type": "budget",
    "pro_quotes": ["souhaitable", "mise en œuvre par phases"],
    "block_quotes": ["l’enveloppe actuelle ne couvre pas le plan"],
    "rationale": "Budget insuffisant = contrainte sérieuse (Fi=3) ; intention d'agir présente mais modérée (Fc=3)."
  },
  {
    "id": "CB-A-003",
    "lang": "FR",
    "telos": "réformer",
    "telos_type": "A",
    "explicitness": 3,
    "stem": "L’action est désirable, mais la rigidité constitutionnelle empêche la réforme.",
    "Fc_target": 2,
    "Fi_target": 5,
    "blocker_type": "constitutional",
    "pro_quotes": ["action est désirable"],
    "block_quotes": ["rigidité constitutionnelle empêche la réforme"],
    "rationale": "Empêchement explicite d'origine constitutionnelle → Fi=5 ; intention faible à moyenne → Fc=2."
  },
  {
    "id": "CB-A-004",
    "lang": "FR",
    "telos": "adopter la mesure",
    "telos_type": "A",
    "explicitness": 4,
    "stem": "La mesure doit être adoptée, sous réserve d’un avis conforme de la commission.",
    "Fc_target": 4,
    "Fi_target": 3,
    "blocker_type": "procedure",
    "pro_quotes": ["doit être adoptée"],
    "block_quotes": ["sous réserve d’un avis conforme"],
    "rationale": "Procédure conditionnelle = contrainte sérieuse (Fi=3) ; intention ferme mais pas impératif absolu → Fc=4."
  },
  {
    "id": "CB-A-005",
    "lang": "FR",
    "telos": "interdire le produit au niveau municipal",
    "telos_type": "A",
    "explicitness": 4,
    "stem": "Nous n’avons pas compétence pour interdire ce produit au niveau municipal.",
    "Fc_target": 1,
    "Fi_target": 5,
    "blocker_type": "legal",
    "pro_quotes": [],
    "block_quotes": ["n’avons pas compétence", "interdire ce produit"],
    "rationale": "Absence de compétence légale = blocage explicite (Fi=5) ; faible poussée d'action (Fc=1)."
  },
  {
    "id": "CB-A-006",
    "lang": "FR",
    "telos": "déployer la solution",
    "telos_type": "A",
    "explicitness": 3,
    "stem": "Objectif atteignable, mais nos équipes ne peuvent pas déployer avant le quatrième trimestre.",
    "Fc_target": 3,
    "Fi_target": 3,
    "blocker_type": "capacity",
    "pro_quotes": ["objectif atteignable"],
    "block_quotes": ["ne peuvent pas déployer avant le quatrième trimestre"],
    "rationale": "Capacité/ressources limitantes (retard) = contrainte sérieuse (Fi=3) ; intention réaliste (Fc=3)."
  },
  {
    "id": "CB-A-007",
    "lang": "FR",
    "telos": "signer l’accord",
    "telos_type": "A",
    "explicitness": 4,
    "stem": "Le plan est prêt, mais un veto du partenaire bloque la signature.",
    "Fc_target": 3,
    "Fi_target": 4,
    "blocker_type": "external_veto",
    "pro_quotes": ["plan est prêt"],
    "block_quotes": ["veto du partenaire bloque la signature"],
    "rationale": "Veto externe = obstruction probable (Fi=4) ; volonté d'aboutir présente mais limitée (Fc=3)."
  },
  {
    "id": "CB-A-008",
    "lang": "FR",
    "telos": "adopter le texte",
    "telos_type": "A",
    "explicitness": 4,
    "stem": "Le texte sera soumis, mais faute de majorité il ne passera pas en l’état.",
    "Fc_target": 3,
    "Fi_target": 4,
    "blocker_type": "majority",
    "pro_quotes": ["texte sera soumis"],
    "block_quotes": ["faute de majorité", "ne passera pas en l’état"],
    "rationale": "Rapport de forces défavorable (majorité) = obstruction probable (Fi=4) ; poussée d'action modérée (Fc=3)."
  },
  {
    "id": "CB-P-009",
    "lang": "FR",
    "telos": "faire reconsidérer l’usage de X",
    "telos_type": "P",
    "explicitness": 3,
    "stem": "Ces données suggèrent qu’il faudrait reconsidérer l’usage de X.",
    "Fc_target": 3,
    "Fi_target": 0,
    "blocker_type": null,
    "pro_quotes": ["il faudrait reconsidérer"],
    "block_quotes": [],
    "rationale": "Orientation persuasive claire, sans empêchement explicite → Fi=0 ; force persuasive modérée → Fc=3."
  },
  {
    "id": "CB-P-010",
    "lang": "FR",
    "telos": "réduire Y",
    "telos_type": "P",
    "explicitness": 3,
    "stem": "Il faut réduire Y, mais une partie du public refuse d’écouter.",
    "Fc_target": 3,
    "Fi_target": 3,
    "blocker_type": "majority",
    "pro_quotes": ["il faut réduire Y"],
    "block_quotes": ["partie du public refuse d’écouter"],
    "rationale": "Résistance sociale = contrainte sérieuse (Fi=3) ; volonté persuasive/actionnelle modérée (Fc=3)."
  },
  {
    "id": "CB-P-011",
    "lang": "FR",
    "telos": "ouvrir le débat/faire passer le message",
    "telos_type": "P",
    "explicitness": 3,
    "stem": "Le débat est nécessaire, mais la censure interdit ces affiches.",
    "Fc_target": 2,
    "Fi_target": 5,
    "blocker_type": "legal",
    "pro_quotes": ["débat est nécessaire"],
    "block_quotes": ["censure interdit ces affiches"],
    "rationale": "Interdiction légale explicite (censure) = Fi=5 ; poussée persuasive limitée (Fc=2)."
  },
  {
    "id": "CB-P-012",
    "lang": "FR",
    "telos": "augmenter le plafond",
    "telos_type": "P",
    "explicitness": 2,
    "stem": "Convaincre semble possible, tant que la loi fixe un plafond non révisable.",
    "Fc_target": 2,
    "Fi_target": 4,
    "blocker_type": "legal",
    "pro_quotes": ["convaincre semble possible"],
    "block_quotes": ["plafond non révisable", "la loi fixe"],
    "rationale": "Cadre légal rigide = obstruction probable (Fi=4) ; intention persuasive faible à moyenne (Fc=2)."
  },
  {
    "id": "CB-E-013",
    "lang": "FR",
    "telos": "trouver l’apaisement / se libérer",
    "telos_type": "E",
    "explicitness": 3,
    "stem": "Je veux respirer, mais ces murs me retiennent encore.",
    "Fc_target": 3,
    "Fi_target": 3,
    "blocker_type": "capacity",
    "pro_quotes": ["veux respirer"],
    "block_quotes": ["murs me retiennent encore"],
    "rationale": "Empêchement encore actif (image concrète de retenue) → Fi=3 ; élan expressif réel → Fc=3."
  },
  {
    "id": "CB-E-014",
    "lang": "FR",
    "telos": "clarifier sa pensée",
    "telos_type": "E",
    "explicitness": 3,
    "stem": "J’essaie de comprendre, mes doutes m’en empêchent.",
    "Fc_target": 2,
    "Fi_target": 3,
    "blocker_type": "other",
    "pro_quotes": ["essaie de comprendre"],
    "block_quotes": ["mes doutes m’en empêchent"],
    "rationale": "Obstacle interne explicite (doutes) = contrainte sérieuse (Fi=3) ; élan modeste vers la clarté (Fc=2)."
  },
  {
    "id": "CB-E-015",
    "lang": "FR",
    "telos": "partir",
    "telos_type": "E",
    "explicitness": 2,
    "stem": "Partir serait juste, mais je n’en ai pas la force.",
    "Fc_target": 2,
    "Fi_target": 4,
    "blocker_type": "capacity",
    "pro_quotes": ["partir serait juste"],
    "block_quotes": ["je n’en ai pas la force"],
    "rationale": "Incapacité déclarée = obstruction probable (Fi=4) ; intention fragile (Fc=2)."
  },
  {
    "id": "CB-E-016",
    "lang": "FR",
    "telos": "apaisement",
    "telos_type": "E",
    "explicitness": 3,
    "stem": "La colère baisse ; rien ne m’entrave désormais.",
    "Fc_target": 3,
    "Fi_target": 0,
    "blocker_type": null,
    "pro_quotes": ["colère baisse", "rien ne m’entrave"],
    "block_quotes": [],
    "rationale": "Aucun empêchement explicite subsistant → Fi=0 ; élan vers l’apaisement modéré → Fc=3."
  }
]
