[
  {
    "id": "CB-A-001-FR",
    "lang": "FR",
    "telos": "agir contre le changement climatique",
    "telos_type": "A",
    "explicitness": 4,
    "stem": "Le réchauffement menace les littoraux, nous devons agir maintenant.",
    "Fc_target": 5,
    "Fi_target": 0,
    "blocker_type": null,
    "pro_quotes": ["nous devons agir maintenant"],
    "block_quotes": [],
    "rationale": "Négativité justificative (menace) → renforce l'action → Fc élevé ; aucun empêchement explicite → Fi=0."
  },
  {
    "id": "CB-A-001-EN",
    "lang": "EN",
    "telos": "act against climate change",
    "telos_type": "A",
    "explicitness": 4,
    "stem": "Global warming threatens our coastlines, we must act now.",
    "Fc_target": 5,
    "Fi_target": 0,
    "blocker_type": null,
    "pro_quotes": ["we must act now"],
    "block_quotes": [],
    "rationale": "Justifying negativity (threat) → reinforces action → high Fc; no explicit impediment → Fi=0."
  },
  {
    "id": "CB-A-001-ES",
    "lang": "ES",
    "telos": "actuar contra el cambio climático",
    "telos_type": "A",
    "explicitness": 4,
    "stem": "El calentamiento amenaza los litorales, debemos actuar ahora.",
    "Fc_target": 5,
    "Fi_target": 0,
    "blocker_type": null,
    "pro_quotes": ["debemos actuar ahora"],
    "block_quotes": [],
    "rationale": "Negatividad justificativa (amenaza) → refuerza la acción → Fc alto; sin impedimento explícito → Fi=0."
  },
  {
    "id": "CB-A-001-ZH",
    "lang": "ZH",
    "telos": "应对气候变化",
    "telos_type": "A",
    "explicitness": 4,
    "stem": "全球变暖威胁海岸线，我们必须立即行动。",
    "Fc_target": 5,
    "Fi_target": 0,
    "blocker_type": null,
    "pro_quotes": ["必须立即行动"],
    "block_quotes": [],
    "rationale": "正当化的负面性（威胁）→ 强化行动 → 高Fc；无明确阻碍 → Fi=0。"
  },
  {
    "id": "CB-A-002-FR",
    "lang": "FR",
    "telos": "réformer",
    "telos_type": "A",
    "explicitness": 3,
    "stem": "Réformer est souhaitable, mais l'enveloppe actuelle ne couvre pas le plan : mise en œuvre par phases.",
    "Fc_target": 3,
    "Fi_target": 3,
    "blocker_type": "budget",
    "pro_quotes": ["souhaitable", "mise en œuvre par phases"],
    "block_quotes": ["l'enveloppe actuelle ne couvre pas le plan"],
    "rationale": "Budget insuffisant = contrainte sérieuse (Fi=3) ; intention d'agir présente mais modérée (Fc=3)."
  },
  {
    "id": "CB-A-002-EN",
    "lang": "EN",
    "telos": "reform",
    "telos_type": "A",
    "explicitness": 3,
    "stem": "Reform is desirable, but the current budget doesn't cover the plan: phased implementation required.",
    "Fc_target": 3,
    "Fi_target": 3,
    "blocker_type": "budget",
    "pro_quotes": ["desirable", "phased implementation"],
    "block_quotes": ["budget doesn't cover the plan"],
    "rationale": "Insufficient budget = serious constraint (Fi=3); intention to act present but moderate (Fc=3)."
  },
  {
    "id": "CB-A-002-ES",
    "lang": "ES",
    "telos": "reformar",
    "telos_type": "A",
    "explicitness": 3,
    "stem": "Reformar es deseable, pero el presupuesto actual no cubre el plan: implementación por fases.",
    "Fc_target": 3,
    "Fi_target": 3,
    "blocker_type": "budget",
    "pro_quotes": ["deseable", "implementación por fases"],
    "block_quotes": ["el presupuesto actual no cubre"],
    "rationale": "Presupuesto insuficiente = restricción seria (Fi=3); intención de actuar presente pero moderada (Fc=3)."
  },
  {
    "id": "CB-A-002-ZH",
    "lang": "ZH",
    "telos": "改革",
    "telos_type": "A",
    "explicitness": 3,
    "stem": "改革是可取的，但目前预算不足以覆盖计划：需要分阶段实施。",
    "Fc_target": 3,
    "Fi_target": 3,
    "blocker_type": "budget",
    "pro_quotes": ["可取的", "分阶段实施"],
    "block_quotes": ["预算不足以覆盖"],
    "rationale": "预算不足 = 严重限制（Fi=3）；行动意愿存在但适度（Fc=3）。"
  },
  {
    "id": "CB-A-003-FR",
    "lang": "FR",
    "telos": "réformer",
    "telos_type": "A",
    "explicitness": 3,
    "stem": "L'action est désirable, mais la rigidité constitutionnelle empêche la réforme.",
    "Fc_target": 2,
    "Fi_target": 5,
    "blocker_type": "constitutional",
    "pro_quotes": ["action est désirable"],
    "block_quotes": ["rigidité constitutionnelle empêche la réforme"],
    "rationale": "Empêchement explicite d'origine constitutionnelle → Fi=5 ; intention faible à moyenne → Fc=2."
  },
  {
    "id": "CB-A-003-EN",
    "lang": "EN",
    "telos": "reform",
    "telos_type": "A",
    "explicitness": 3,
    "stem": "Action is desirable, but constitutional rigidity prevents the reform.",
    "Fc_target": 2,
    "Fi_target": 5,
    "blocker_type": "constitutional",
    "pro_quotes": ["action is desirable"],
    "block_quotes": ["constitutional rigidity prevents the reform"],
    "rationale": "Explicit constitutional impediment → Fi=5; weak to medium intention → Fc=2."
  },
  {
    "id": "CB-A-003-ES",
    "lang": "ES",
    "telos": "reformar",
    "telos_type": "A",
    "explicitness": 3,
    "stem": "La acción es deseable, pero la rigidez constitucional impide la reforma.",
    "Fc_target": 2,
    "Fi_target": 5,
    "blocker_type": "constitutional",
    "pro_quotes": ["acción es deseable"],
    "block_quotes": ["rigidez constitucional impide la reforma"],
    "rationale": "Impedimento constitucional explícito → Fi=5; intención débil a media → Fc=2."
  },
  {
    "id": "CB-A-003-ZH",
    "lang": "ZH",
    "telos": "改革",
    "telos_type": "A",
    "explicitness": 3,
    "stem": "行动是可取的，但宪法僵化阻碍了改革。",
    "Fc_target": 2,
    "Fi_target": 5,
    "blocker_type": "constitutional",
    "pro_quotes": ["行动是可取的"],
    "block_quotes": ["宪法僵化阻碍了改革"],
    "rationale": "明确的宪法障碍 → Fi=5；弱到中等的意愿 → Fc=2。"
  },
  {
    "id": "CB-A-004-FR",
    "lang": "FR",
    "telos": "faire approuver et adopter la mesure",
    "telos_type": "A",
    "explicitness": 4,
    "stem": "La mesure doit être adoptée, sous réserve d'un avis conforme de la commission.",
    "Fc_target": 4,
    "Fi_target": 3,
    "blocker_type": "procedure",
    "pro_quotes": ["doit être adoptée"],
    "block_quotes": ["sous réserve d'un avis conforme"],
    "rationale": "Procédure conditionnelle = contrainte sérieuse (Fi=3) ; intention ferme mais pas impératif absolu → Fc=4."
  },
  {
    "id": "CB-A-004-EN",
    "lang": "EN",
    "telos": "get approval and adopt the measure",
    "telos_type": "A",
    "explicitness": 4,
    "stem": "The measure must be adopted, subject to commission approval.",
    "Fc_target": 4,
    "Fi_target": 3,
    "blocker_type": "procedure",
    "pro_quotes": ["must be adopted"],
    "block_quotes": ["subject to commission approval"],
    "rationale": "Conditional procedure = serious constraint (Fi=3); firm intention but not absolute imperative → Fc=4."
  },
  {
    "id": "CB-A-004-ES",
    "lang": "ES",
    "telos": "lograr la aprobación y adoptar la medida",
    "telos_type": "A",
    "explicitness": 4,
    "stem": "La medida debe adoptarse, sujeta a la aprobación de la comisión.",
    "Fc_target": 4,
    "Fi_target": 3,
    "blocker_type": "procedure",
    "pro_quotes": ["debe adoptarse"],
    "block_quotes": ["sujeta a la aprobación"],
    "rationale": "Procedimiento condicional = restricción seria (Fi=3); intención firme pero no imperativo absoluto → Fc=4."
  },
  {
    "id": "CB-A-004-ZH",
    "lang": "ZH",
    "telos": "获得批准并采取措施",
    "telos_type": "A",
    "explicitness": 4,
    "stem": "必须采取该措施，但需经委员会批准。",
    "Fc_target": 4,
    "Fi_target": 3,
    "blocker_type": "procedure",
    "pro_quotes": ["必须采取"],
    "block_quotes": ["需经委员会批准"],
    "rationale": "条件程序 = 严重约束（Fi=3）；坚定意愿但非绝对命令 → Fc=4。"
  },
  {
    "id": "CB-A-005-FR",
    "lang": "FR",
    "telos": "interdire le produit au niveau municipal",
    "telos_type": "A",
    "explicitness": 4,
    "stem": "Nous n'avons pas compétence pour interdire ce produit au niveau municipal.",
    "Fc_target": 1,
    "Fi_target": 5,
    "blocker_type": "legal",
    "pro_quotes": [],
    "block_quotes": ["n'avons pas compétence", "interdire ce produit"],
    "rationale": "Absence de compétence légale = blocage explicite (Fi=5) ; faible poussée d'action (Fc=1)."
  },
  {
    "id": "CB-A-005-EN",
    "lang": "EN",
    "telos": "ban the product at municipal level",
    "telos_type": "A",
    "explicitness": 4,
    "stem": "We lack jurisdiction to ban this product at the municipal level.",
    "Fc_target": 1,
    "Fi_target": 5,
    "blocker_type": "legal",
    "pro_quotes": [],
    "block_quotes": ["lack jurisdiction", "ban this product"],
    "rationale": "Lack of legal authority = explicit blockage (Fi=5); weak action drive (Fc=1)."
  },
  {
    "id": "CB-A-005-ES",
    "lang": "ES",
    "telos": "prohibir el producto a nivel municipal",
    "telos_type": "A",
    "explicitness": 4,
    "stem": "No tenemos competencia para prohibir este producto a nivel municipal.",
    "Fc_target": 1,
    "Fi_target": 5,
    "blocker_type": "legal",
    "pro_quotes": [],
    "block_quotes": ["no tenemos competencia", "prohibir este producto"],
    "rationale": "Falta de competencia legal = bloqueo explícito (Fi=5); débil impulso de acción (Fc=1)."
  },
  {
    "id": "CB-A-005-ZH",
    "lang": "ZH",
    "telos": "在市级层面禁止该产品",
    "telos_type": "A",
    "explicitness": 4,
    "stem": "我们没有权限在市级层面禁止该产品。",
    "Fc_target": 1,
    "Fi_target": 5,
    "blocker_type": "legal",
    "pro_quotes": [],
    "block_quotes": ["没有权限", "禁止该产品"],
    "rationale": "缺乏法律权限 = 明确阻碍（Fi=5）；行动推动力弱（Fc=1）。"
  },
  {
    "id": "CB-P-006-FR",
    "lang": "FR",
    "telos": "faire reconsidérer l'usage de X",
    "telos_type": "P",
    "explicitness": 3,
    "stem": "Ces données suggèrent qu'il faudrait reconsidérer l'usage de X.",
    "Fc_target": 3,
    "Fi_target": 0,
    "blocker_type": null,
    "pro_quotes": ["il faudrait reconsidérer"],
    "block_quotes": [],
    "rationale": "Orientation persuasive claire, sans empêchement explicite → Fi=0 ; force persuasive modérée → Fc=3."
  },
  {
    "id": "CB-P-006-EN",
    "lang": "EN",
    "telos": "reconsider the use of X",
    "telos_type": "P",
    "explicitness": 3,
    "stem": "This data suggests we should reconsider the use of X.",
    "Fc_target": 3,
    "Fi_target": 0,
    "blocker_type": null,
    "pro_quotes": ["should reconsider"],
    "block_quotes": [],
    "rationale": "Clear persuasive orientation, no explicit impediment → Fi=0; moderate persuasive force → Fc=3."
  },
  {
    "id": "CB-P-006-ES",
    "lang": "ES",
    "telos": "reconsiderar el uso de X",
    "telos_type": "P",
    "explicitness": 3,
    "stem": "Estos datos sugieren que deberíamos reconsiderar el uso de X.",
    "Fc_target": 3,
    "Fi_target": 0,
    "blocker_type": null,
    "pro_quotes": ["deberíamos reconsiderar"],
    "block_quotes": [],
    "rationale": "Orientación persuasiva clara, sin impedimento explícito → Fi=0; fuerza persuasiva moderada → Fc=3."
  },
  {
    "id": "CB-P-006-ZH",
    "lang": "ZH",
    "telos": "重新考虑X的使用",
    "telos_type": "P",
    "explicitness": 3,
    "stem": "这些数据表明我们应该重新考虑X的使用。",
    "Fc_target": 3,
    "Fi_target": 0,
    "blocker_type": null,
    "pro_quotes": ["应该重新考虑"],
    "block_quotes": [],
    "rationale": "明确的说服导向，无明确阻碍 → Fi=0；适度的说服力 → Fc=3。"
  },
  {
    "id": "CB-P-007-FR",
    "lang": "FR",
    "telos": "ouvrir le débat",
    "telos_type": "P",
    "explicitness": 3,
    "stem": "Le débat est nécessaire, mais la censure interdit ces affiches.",
    "Fc_target": 2,
    "Fi_target": 5,
    "blocker_type": "legal",
    "pro_quotes": ["débat est nécessaire"],
    "block_quotes": ["censure interdit ces affiches"],
    "rationale": "Interdiction légale explicite (censure) = Fi=5 ; poussée persuasive limitée (Fc=2)."
  },
  {
    "id": "CB-P-007-EN",
    "lang": "EN",
    "telos": "open the debate",
    "telos_type": "P",
    "explicitness": 3,
    "stem": "The debate is necessary, but censorship forbids these posters.",
    "Fc_target": 2,
    "Fi_target": 5,
    "blocker_type": "legal",
    "pro_quotes": ["debate is necessary"],
    "block_quotes": ["censorship forbids these posters"],
    "rationale": "Explicit legal prohibition (censorship) = Fi=5; limited persuasive drive (Fc=2)."
  },
  {
    "id": "CB-P-007-ES",
    "lang": "ES",
    "telos": "abrir el debate",
    "telos_type": "P",
    "explicitness": 3,
    "stem": "El debate es necesario, pero la censura prohíbe estos carteles.",
    "Fc_target": 2,
    "Fi_target": 5,
    "blocker_type": "legal",
    "pro_quotes": ["debate es necesario"],
    "block_quotes": ["censura prohíbe estos carteles"],
    "rationale": "Prohibición legal explícita (censura) = Fi=5; impulso persuasivo limitado (Fc=2)."
  },
  {
    "id": "CB-P-007-ZH",
    "lang": "ZH",
    "telos": "开启辩论",
    "telos_type": "P",
    "explicitness": 3,
    "stem": "辩论是必要的，但审查制度禁止这些海报。",
    "Fc_target": 2,
    "Fi_target": 5,
    "blocker_type": "legal",
    "pro_quotes": ["辩论是必要的"],
    "block_quotes": ["审查制度禁止"],
    "rationale": "明确的法律禁止（审查）= Fi=5；有限的说服推动力（Fc=2）。"
  },
  {
    "id": "CB-E-008-FR",
    "lang": "FR",
    "telos": "trouver l'apaisement",
    "telos_type": "E",
    "explicitness": 3,
    "stem": "Je veux respirer, mais ces murs me retiennent encore.",
    "Fc_target": 3,
    "Fi_target": 3,
    "blocker_type": "capacity",
    "pro_quotes": ["veux respirer"],
    "block_quotes": ["murs me retiennent encore"],
    "rationale": "Empêchement encore actif (image concrète de retenue) → Fi=3 ; élan expressif réel → Fc=3."
  },
  {
    "id": "CB-E-008-EN",
    "lang": "EN",
    "telos": "find peace",
    "telos_type": "E",
    "explicitness": 3,
    "stem": "I want to breathe, but these walls still hold me back.",
    "Fc_target": 3,
    "Fi_target": 3,
    "blocker_type": "capacity",
    "pro_quotes": ["want to breathe"],
    "block_quotes": ["walls still hold me back"],
    "rationale": "Active impediment (concrete restraint image) → Fi=3; real expressive drive → Fc=3."
  },
  {
    "id": "CB-E-008-ES",
    "lang": "ES",
    "telos": "encontrar la paz",
    "telos_type": "E",
    "explicitness": 3,
    "stem": "Quiero respirar, pero estos muros aún me retienen.",
    "Fc_target": 3,
    "Fi_target": 3,
    "blocker_type": "capacity",
    "pro_quotes": ["quiero respirar"],
    "block_quotes": ["muros aún me retienen"],
    "rationale": "Impedimento aún activo (imagen concreta de retención) → Fi=3; impulso expresivo real → Fc=3."
  },
  {
    "id": "CB-E-008-ZH",
    "lang": "ZH",
    "telos": "找到平静",
    "telos_type": "E",
    "explicitness": 3,
    "stem": "我想要呼吸，但这些墙仍然束缚着我。",
    "Fc_target": 3,
    "Fi_target": 3,
    "blocker_type": "capacity",
    "pro_quotes": ["想要呼吸"],
    "block_quotes": ["墙仍然束缚着我"],
    "rationale": "仍然活跃的阻碍（具体的束缚形象）→ Fi=3；真实的表达冲动 → Fc=3。"
  },
  {
    "id": "CB-E-009-FR",
    "lang": "FR",
    "telos": "apaisement",
    "telos_type": "E",
    "explicitness": 3,
    "stem": "La colère baisse ; rien ne m'entrave désormais.",
    "Fc_target": 3,
    "Fi_target": 0,
    "blocker_type": null,
    "pro_quotes": ["colère baisse", "rien ne m'entrave"],
    "block_quotes": [],
    "rationale": "Aucun empêchement explicite subsistant → Fi=0 ; élan vers l'apaisement modéré → Fc=3."
  },
  {
    "id": "CB-E-009-EN",
    "lang": "EN",
    "telos": "peace",
    "telos_type": "E",
    "explicitness": 3,
    "stem": "The anger subsides; nothing hinders me now.",
    "Fc_target": 3,
    "Fi_target": 0,
    "blocker_type": null,
    "pro_quotes": ["anger subsides", "nothing hinders me"],
    "block_quotes": [],
    "rationale": "No remaining explicit impediment → Fi=0; moderate drive toward peace → Fc=3."
  },
  {
    "id": "CB-E-009-ES",
    "lang": "ES",
    "telos": "paz",
    "telos_type": "E",
    "explicitness": 3,
    "stem": "La ira disminuye; nada me obstaculiza ahora.",
    "Fc_target": 3,
    "Fi_target": 0,
    "blocker_type": null,
    "pro_quotes": ["ira disminuye", "nada me obstaculiza"],
    "block_quotes": [],
    "rationale": "Ningún impedimento explícito restante → Fi=0; impulso moderado hacia la paz → Fc=3."
  },
  {
    "id": "CB-E-009-ZH",
    "lang": "ZH",
    "telos": "平静",
    "telos_type": "E",
    "explicitness": 3,
    "stem": "愤怒消退了；现在没有什么阻碍我。",
    "Fc_target": 3,
    "Fi_target": 0,
    "blocker_type": null,
    "pro_quotes": ["愤怒消退了", "没有什么阻碍我"],
    "block_quotes": [],
    "rationale": "无剩余的明确阻碍 → Fi=0；向平静的适度驱动 → Fc=3。"
  },
  {
    "id": "CB-M-010-EN",
    "lang": "EN",
    "telos": "improve efficiency",
    "telos_type": "A",
    "explicitness": 4,
    "stem": "Efficiency gains are crucial, yet legacy systems prevent modernization.",
    "Fc_target": 3,
    "Fi_target": 4,
    "blocker_type": "technical",
    "pro_quotes": ["efficiency gains are crucial"],
    "block_quotes": ["legacy systems prevent modernization"],
    "rationale": "Technical barrier explicit → Fi=4; moderate action will → Fc=3."
  },
  {
    "id": "CB-M-010-ES",
    "lang": "ES",
    "telos": "mejorar la eficiencia",
    "telos_type": "A",
    "explicitness": 4,
    "stem": "Las ganancias de eficiencia son cruciales, pero los sistemas heredados impiden la modernización.",
    "Fc_target": 3,
    "Fi_target": 4,
    "blocker_type": "technical",
    "pro_quotes": ["ganancias de eficiencia son cruciales"],
    "block_quotes": ["sistemas heredados impiden la modernización"],
    "rationale": "Barrera técnica explícita → Fi=4; voluntad de acción moderada → Fc=3."
  },
  {
    "id": "CB-M-010-ZH",
    "lang": "ZH",
    "telos": "提高效率",
    "telos_type": "A",
    "explicitness": 4,
    "stem": "效率提升至关重要，但遗留系统阻碍了现代化。",
    "Fc_target": 3,
    "Fi_target": 4,
    "blocker_type": "technical",
    "pro_quotes": ["效率提升至关重要"],
    "block_quotes": ["遗留系统阻碍了现代化"],
    "rationale": "明确的技术障碍 → Fi=4；适度的行动意愿 → Fc=3。"
  },
  {
    "id": "CB-M-011-EN",
    "lang": "EN",
    "telos": "ensure compliance",
    "telos_type": "A",
    "explicitness": 5,
    "stem": "Full compliance is mandatory by next quarter.",
    "Fc_target": 5,
    "Fi_target": 0,
    "blocker_type": null,
    "pro_quotes": ["mandatory by next quarter"],
    "block_quotes": [],
    "rationale": "Mandatory requirement = maximum drive (Fc=5); no obstacles mentioned (Fi=0)."
  },
  {
    "id": "CB-M-011-ES",
    "lang": "ES",
    "telos": "asegurar el cumplimiento",
    "telos_type": "A",
    "explicitness": 5,
    "stem": "El cumplimiento total es obligatorio para el próximo trimestre.",
    "Fc_target": 5,
    "Fi_target": 0,
    "blocker_type": null,
    "pro_quotes": ["obligatorio para el próximo trimestre"],
    "block_quotes": [],
    "rationale": "Requisito obligatorio = impulso máximo (Fc=5); sin obstáculos mencionados (Fi=0)."
  },
  {
    "id": "CB-M-011-ZH",
    "lang": "ZH",
    "telos": "确保合规",
    "telos_type": "A",
    "explicitness": 5,
    "stem": "下季度必须完全合规。",
    "Fc_target": 5,
    "Fi_target": 0,
    "blocker_type": null,
    "pro_quotes": ["必须完全合规"],
    "block_quotes": [],
    "rationale": "强制性要求 = 最大驱动力（Fc=5）；未提及障碍（Fi=0）。"
  },
  {
    "id": "CB-M-012-EN",
    "lang": "EN",
    "telos": "expand market share",
    "telos_type": "P",
    "explicitness": 3,
    "stem": "Market expansion would benefit everyone, though competitors resist fiercely.",
    "Fc_target": 3,
    "Fi_target": 3,
    "blocker_type": "external",
    "pro_quotes": ["would benefit everyone"],
    "block_quotes": ["competitors resist fiercely"],
    "rationale": "External resistance = significant obstacle (Fi=3); moderate persuasive intent (Fc=3)."
  },
  {
    "id": "CB-M-012-ES",
    "lang": "ES",
    "telos": "expandir cuota de mercado",
    "telos_type": "P",
    "explicitness": 3,
    "stem": "La expansión del mercado beneficiaría a todos, aunque los competidores resisten ferozmente.",
    "Fc_target": 3,
    "Fi_target": 3,
    "blocker_type": "external",
    "pro_quotes": ["beneficiaría a todos"],
    "block_quotes": ["competidores resisten ferozmente"],
    "rationale": "Resistencia externa = obstáculo significativo (Fi=3); intención persuasiva moderada (Fc=3)."
  },
  {
    "id": "CB-M-012-ZH",
    "lang": "ZH",
    "telos": "扩大市场份额",
    "telos_type": "P",
    "explicitness": 3,
    "stem": "市场扩张将使所有人受益，尽管竞争对手激烈抵制。",
    "Fc_target": 3,
    "Fi_target": 3,
    "blocker_type": "external",
    "pro_quotes": ["使所有人受益"],
    "block_quotes": ["竞争对手激烈抵制"],
    "rationale": "外部阻力 = 显著障碍（Fi=3）；适度的说服意图（Fc=3）。"
  }
]